{
	"song": {
		"speed": 3,
		"stage": "semen",
		"player1": "nosebf",
		"player2": "sise",
		"events": [],
		"notes": [
			{
				"gfSection": false,
				"altAnim": false,
				"typeOfSection": 0,
				"sectionNotes": [],
				"bpm": 150,
				"sectionBeats": 4,
				"changeBPM": false,
				"mustHitSection": true
			},
			{
				"gfSection": false,
				"altAnim": false,
				"typeOfSection": 0,
				"sectionNotes": [
					[
						1846.15384615385,
						3,
						115.384615384615
					],
					[
						2192.30769230769,
						2,
						0
					],
					[
						2538.46153846154,
						0,
						0
					],
					[
						2769.23076923077,
						1,
						115.384615384615
					],
					[
						2769.23076923077,
						3,
						0
					],
					[
						3000,
						2,
						0
					],
					[
						3115.38461538462,
						0,
						0
					],
					[
						3346.15384615385,
						3,
						115.384615384615
					],
					[
						3576.92307692308,
						1,
						0
					]
				],
				"bpm": 150,
				"sectionBeats": 4,
				"changeBPM": false,
				"mustHitSection": false
			},
			{
				"gfSection": false,
				"altAnim": false,
				"typeOfSection": 0,
				"sectionNotes": [
					[
						3692.30769230769,
						2,
						115.384615384615
					],
					[
						3923.07692307692,
						3,
						0
					],
					[
						4038.46153846154,
						0,
						115.384615384615
					],
					[
						4269.23076923077,
						3,
						0
					],
					[
						4384.61538461538,
						2,
						115.384615384615
					],
					[
						4846.15384615385,
						1,
						115.384615384615
					],
					[
						5076.92307692308,
						2,
						115.384615384615
					],
					[
						5307.69230769231,
						3,
						115.384615384615
					]
				],
				"bpm": 150,
				"sectionBeats": 4,
				"changeBPM": false,
				"mustHitSection": false
			},
			{
				"gfSection": false,
				"altAnim": false,
				"typeOfSection": 0,
				"sectionNotes": [
					[
						5538.46153846154,
						5,
						346.153846153846
					],
					[
						5538.46153846154,
						3,
						115.384615384615
					],
					[
						5884.61538461538,
						2,
						0
					],
					[
						6230.76923076923,
						0,
						0
					],
					[
						6461.53846153846,
						1,
						115.384615384615
					],
					[
						6461.53846153846,
						3,
						0
					],
					[
						6692.30769230769,
						2,
						0
					],
					[
						6807.69230769231,
						0,
						0
					],
					[
						7038.46153846154,
						3,
						115.384615384615
					],
					[
						7269.23076923077,
						1,
						0
					]
				],
				"bpm": 130,
				"sectionBeats": 4,
				"changeBPM": false,
				"mustHitSection": true
			},
			{
				"gfSection": false,
				"altAnim": false,
				"typeOfSection": 0,
				"sectionNotes": [
					[
						7384.61538461538,
						2,
						115.384615384615
					],
					[
						7615.38461538462,
						3,
						0
					],
					[
						7730.76923076923,
						0,
						115.384615384615
					],
					[
						7961.53846153846,
						3,
						0
					],
					[
						8076.92307692308,
						2,
						115.384615384615
					],
					[
						8538.46153846154,
						1,
						115.384615384615
					],
					[
						8769.23076923077,
						2,
						115.384615384615
					],
					[
						9000,
						3,
						115.384615384615
					]
				],
				"bpm": 130,
				"sectionBeats": 4,
				"changeBPM": false,
				"mustHitSection": true
			},
			{
				"gfSection": false,
				"altAnim": false,
				"typeOfSection": 0,
				"sectionNotes": [
					[
						9461.53846153846,
						0,
						0
					],
					[
						9576.92307692308,
						3,
						0
					],
					[
						9692.30769230769,
						1,
						115.384615384615
					],
					[
						9923.07692307692,
						3,
						0
					],
					[
						9230.76923076923,
						0,
						0
					],
					[
						10153.8461538462,
						2,
						115.384615384615
					],
					[
						10384.6153846154,
						0,
						0
					],
					[
						10500,
						3,
						0
					],
					[
						10615.3846153846,
						1,
						115.384615384615
					],
					[
						10846.1538461538,
						2,
						115.384615384615
					],
					[
						10153.8461538462,
						0,
						0
					],
					[
						9923.07692307692,
						2,
						0
					]
				],
				"bpm": 130,
				"sectionBeats": 4,
				"changeBPM": false,
				"mustHitSection": false
			},
			{
				"gfSection": false,
				"altAnim": false,
				"typeOfSection": 0,
				"sectionNotes": [
					[
						11076.9230769231,
						3,
						0
					],
					[
						11192.3076923077,
						0,
						0
					],
					[
						11307.6923076923,
						2,
						115.384615384615
					],
					[
						11538.4615384615,
						1,
						115.384615384615
					],
					[
						11769.2307692308,
						3,
						115.384615384615
					],
					[
						11538.4615384615,
						0,
						0
					],
					[
						12000,
						0,
						0
					],
					[
						12115.3846153846,
						1,
						0
					],
					[
						12230.7692307692,
						2,
						0
					],
					[
						12346.1538461538,
						3,
						0
					],
					[
						12461.5384615385,
						1,
						0
					],
					[
						12692.3076923077,
						3,
						0
					],
					[
						12692.3076923077,
						0,
						0
					]
				],
				"bpm": 130,
				"sectionBeats": 4,
				"changeBPM": false,
				"mustHitSection": false
			},
			{
				"gfSection": false,
				"altAnim": false,
				"typeOfSection": 0,
				"sectionNotes": [
					[
						13153.8461538462,
						0,
						0
					],
					[
						13269.2307692308,
						3,
						0
					],
					[
						13384.6153846154,
						1,
						115.384615384615
					],
					[
						13615.3846153846,
						3,
						0
					],
					[
						12923.0769230769,
						0,
						0
					],
					[
						13846.1538461538,
						2,
						115.384615384615
					],
					[
						14076.9230769231,
						0,
						0
					],
					[
						14192.3076923077,
						3,
						0
					],
					[
						14307.6923076923,
						1,
						115.384615384615
					],
					[
						14538.4615384615,
						2,
						115.384615384615
					],
					[
						13846.1538461538,
						0,
						0
					],
					[
						13615.3846153846,
						2,
						0
					],
					[
						12923.0769230769,
						7,
						346.153846153846
					]
				],
				"bpm": 130,
				"sectionBeats": 4,
				"changeBPM": false,
				"mustHitSection": true
			},
			{
				"gfSection": false,
				"altAnim": false,
				"typeOfSection": 0,
				"sectionNotes": [
					[
						14769.2307692308,
						3,
						0
					],
					[
						14884.6153846154,
						0,
						0
					],
					[
						15000,
						2,
						115.384615384615
					],
					[
						15230.7692307692,
						1,
						115.384615384615
					],
					[
						15461.5384615385,
						3,
						115.384615384615
					],
					[
						15230.7692307692,
						0,
						0
					],
					[
						15692.3076923077,
						0,
						0
					],
					[
						15807.6923076923,
						1,
						0
					],
					[
						15923.0769230769,
						2,
						0
					],
					[
						16038.4615384615,
						3,
						0
					],
					[
						16153.8461538462,
						1,
						0
					],
					[
						16384.6153846154,
						3,
						0
					],
					[
						16384.6153846154,
						0,
						0
					]
				],
				"bpm": 130,
				"sectionBeats": 4,
				"changeBPM": false,
				"mustHitSection": true
			},
			{
				"gfSection": false,
				"altAnim": false,
				"typeOfSection": 0,